NOME;DESCRICAO; PRECO ;QUANTIDADE;PESO
SOBR-001815;WINCOR SHUTTER HORIZ  TR COM ANTI FRAUDE;4771.35;34;1.58
SOBR-005536;WEBCAM 720P USB2 0 AD WDR134CU 2 1MM CABO 3M;1594.94;236;24.41
SOBR-000853;VISOR ACRILICO DA CAMERA BB 2006;28.70;33;28.21
NSPP-003766;VENTOSA   RETENTOR DO CONJ  EIXO DE SUCCAO MEC C 623  C 723 2 C 724;3.91;2873;12.65
SOBR-004375;VENTILADOR PARA GABINETE ESTRUTURADO DE ALARME;13.90;31;93.94
NSPP-122493;VENTILADOR 12VCC 60X60X25MM 0 26A 4500RPM 3 FIOS C CONECTOR MOLEX 22 01 303;9.26;22;16.42
SOBR-000142;VENTILADOR 12VCC 60X60X25MM 0 23A 4500RPM ROLAMENTO 3 FIOS C CONECTOR MOLEX;17.01;19;111.76
SOBR-005125;VALVULA PNEUMATICA 2 POSICOES 3 VIAS 12V;99.11;97;11.18
NCOB-011445;UNIDADE OPTICA DVD RW IDE FULL 16X LEIT 22X GRAV PRETO;294.85;20;117.65
NSPP-003754;TUBO DE BORRACHA DA VALVULA DE SUCCAO 317MM   CANAIS PARES   C 723 2 C 724;7.83;4511;1811.65
NSPP-003753;TUBO DE BORRACHA DA VALVULA DE SUCCAO 265MM   CANAIS IMPARES   C 723 2 C 72;5.91;4931;1020.91
NSPP-122635;TRILHO TT38 650 0X850 0 60KG DEPOSITARIO;390.68;18;26.47
SOBR-002300;TRILHO TT145 600 0X627 0 35 KG S N 58ROG0920000;59.79;52;305.88
SOBR-000179;TRILHO TELESCOPIO TTS40 F680 A850 MODULO WINCOR;293.49;26;26.00
NSPP-011996;TRILHO TELESCOPIO PARA MEC C 723 2 C 724   TT3040   ATM PERTO;138.91;42;35.90
NSPP-013018;TRILHO TELESCOPIO DO MOD  DEPOSITARIO DD4LC   TRILHO TELESCOPIO 550MM;73.69;6;35.29
SOBR-005638;TRILHO TELESC TT145 650;186.75;23;34.33
SOBR-001024;TRILHO TELES TT30 40 630X940 CH1 85 90K;394.79;37;31.36
SOBR-004334;TRIANGULO INFERIOR COM MANCAL E ROLAMENTO;946.89;26;152.94
SOBR-005335;TRAVA PLASTICA FRONTAL DE RETENCAO DO K7 PERTO ENTINTAMENTO;8.02;65;26.00
SOBR-002413;TRAVA PAINEL INTERMEDIARIO ATM BB 2011;7.76;42;247.06
SOBR-005625;TRAVA ESQUERDA;83.72;24;141.18
SOBR-005266;TRAVA ELETRONICA DA PORTA DOS CASSETES;319.53;84;38.53
SOBR-003130;TRAVA ELETRICA UNIVERSAL;118.00;66;4.03
SOBR-002526;TRAVA DEPOSITARIO ATM BB 2011;71.57;84;21.88
SOBR-003129;TRANSMISSOR 433MHZ CONTROLE REMOTO;170.00;227;40.04
SOBR-003128;TRANSMISSOR 315MHZ CONTROLE REMOTO;170.00;207;15.72
SOBR-000838;TRANSDUTOR COM CABO DO MODULO DE DUPLA DETECCAO PMT;164.43;12;12.00
NSPP-003899;TRANCA DO CONJ  SOLENOIDE DA ABERTURA DA PORTA DO MEC  DD4 E DD4LC;13.22;22;32.35
SOBR-005294;TRANCA CASSETE TT PERTO C ENTINTAMENTO;9.27;68;13.13
SOBR-002301;TERMINAIS ESTEIRA PORTA CABOS FESMA TF 18 15;7.59;382;2247.06
NSPP-013800;TELA DE TOQUE SURFACE WAVE ELO TOUCHSYSTEMS E261191 REV E;653.68;67;12.18
SOBR-001966;TELA DE TOQUE CONTROLADORA CABOS P TAA PERTO;1858.32;155;11.46
SOBR-005564;TELA DE TOQUE 15 POL SAW PERTO KEETOUCH KAL 0151 4BG PL;1665.01;32;27.35
SOBR-001032;TECLADOS LATERAIS DE FUNCAO DIREITO ESQUERDO FOURTH FT 004 135;206.62;298;11.36
SOBR-004920;TECLADO PIN SERIAL C CRIPTOGRAFIA PERTO 2014;2120.44;397;3.11
SOBR-005603;TECLADO PIN SERIAL 16 TECLAS C CRIPTOGRAFIA CRYPTERA BRA1217 5452 BRA1217 5;2510.97;115;3.72
SOBR-001265;TECLADO LATERAL UNICO  SERVE LADO DIREITO OU ESQUERDO  TAA PERTO;231.41;194;4.15
SOBR-000484;TECLADO LATERAL DE FUNCOES ESQ OU DIR ATM PERTO;277.56;149;47.06
SOBR-001824;TECLADO FUNCAO MATRIZ 1X4 BB FT 004 148;313.67;321;43.32
SOBR-005606;TECLADO FUNCAO 4 TECLAS 14MM OKI;394.55;17;35.29
SOBR-006226;TECLADO FECHADURA MULTI HPB BB 2017;1016.41;50;147.06
SOBR-002543;TECLADO DE 16 TECLAS COM CRIPTOGRAFIA PSKBRA2030;2116.37;90;2.85
SOBR-001263;TECLADO CRIPTOGRAFICO 16 TECLAS PERTO;1824.78;70;2.69
SOBR-005282;TECLADO CONTROLE DE ACESSO CINCOFORT TC G5;290.00;40;34.19
SOBR-004389;TECLADO CENTRAL DE ALARME S TELA LCD VIAWEB;100.35;191;38.05
SOBR-004388;TECLADO CENTRAL DE ALARME C TELA LCD VIAWEB;151.72;506;59.39
SOBR-001823;TECLADO ATM CRIPTO BB BRA1217 4215;1970.71;271;6.61
SOBR-001086;TECLADO ABNT2 107 TECLAS USB PRETO C CABO 180CM;33.89;1645;86.40
SOBR-000791;TECLADO 16 TCLS CRIPTOGRAFICO MET BB PCI RSA BRA 1217 4211 OU BRA 1217 4216;1838.03;711;5.92
SOBR-000488;TECLADO 16 TCLS ACO INOX CRIPTOGRAFICO ATM PERTO 2008   TMF4100;2238.87;411;7.07
SOBR-004917;TEC LAT PLASTICO;148.00;54;17.94
SOBR-002551;TAMPA MANIPULO MONTADA;1322.57;18;52.94
SOBR-005599;T 10  SOBR 0008061  CONJUNTO LEITORA SANKYO ANTISKIMMING OKI;1839.55;445;2.26
SOBR-001634;SWING PLATE HP M4345   M4349X MFP;72.00;110;333.33
SOBR-002505;SUPORTE TRAVA IMPR ATM BB;26.13;54;317.65
SOBR-002525;SUPORTE TRAVA DO DEPOSITARIO ATM BB 2011;15.54;45;264.71
SOBR-002523;SUPORTE TR TRILHO DEPOS LD ATM BB 2011;66.24;59;347.06
SOBR-004795;SUPORTE SOLENOIDE DE ALIMENTACAO PLASTICO BOMBA DE VACUO;31.47;7;21.21
SOBR-001193;SUPORTE METALICO DA WEBCAM FT CAM 09;43.26;252;1482.35
SOBR-002602;SUPORTE INTERNO DIP ATM BB TR CASH;2.05;55;80.88
SOBR-002601;SUPORTE EXTERNO DIP ATM BB TR CASH;11.04;57;14.77
SOBR-002522;SUPORTE ESTEIRA PORTA CABOS TF 12 15 BB;7.06;85;170.00
SOBR-002520;SUPORTE ESTEIRA DEPOS ATM BB 2011;11.44;48;145.45
NSPP-012242;STRIPPER FENDER LARGO;1.46;7169;69.39
SOBR-004489;SSHD 1TB 8GB SSD SATA 3 3 5POL 7200RPM 64MB;750.00;396;2.82
SOBR-006122;SSD 256GB FORMATO NGFF M 2 CHAVE B M DATEN DS500M;410.00;40;7.04
SOBR-006118;SSD 240GB 2 5 POL SATA3 LEITURA ESCRITA 540 500MB S MTBF 1 000 000 HORAS;368.00;668;6.91
SOBR-006232;SPLITER PARA FECHADURA ELETRONICA;537.17;9;52.94
SOBR-002539;SOLENOIDE 12V 1 7A 20 8W 4M;127.75;48;145.45
SOBR-004909;SIRENE AUTO ALIMENTADA INTERNA   EXTERNA;298.65;176;3.54
SOBR-003125;SINALEIRA LED   SINALIZADOR;442.00;22;32.84
NSPP-012872;SHUTTER DEPOSITARIO DD4;67.29;5;29.41
SOBR-005594;SHUTTER ANTIRREGUA DISPEN NMD;2865.70;61;3.74
SOBR-000576;SENSOR SISMICO VD400;446.00;18;26.47
SOBR-004398;SENSOR SISMICO ELETRONICO GRANDE ALCANCE;982.14;157;29.35
SOBR-005617;SENSOR SISMICO;969.19;24;7.19
SOBR-005757;SENSOR PORTA ABERTA PEDM;308.00;10;30.30
NSPP-003822;SENSOR MECANICO CANAL 1 E CANAL 2 MEC  C 723 2 C 724;146.70;18;54.55
SOBR-006197;SENSOR MAGNETICO DC 2531W ALEPH ROHS;42.38;50;294.12
SOBR-004397;SENSOR ELETRONICO DE VIBRACAO IMPACTO SHOCKTEK;171.75;20;60.61
SOBR-004370;SENSOR DE PRESENCA QUAD C ANTI MASCARAMENTO;897.00;177;16.09
SOBR-005676;SENSOR DE PRESENCA QUAD C ANTI MASCARAMENTO;369.11;208;4.41
SOBR-004372;SENSOR DE PRESENCA FOTO ELETRICO DE TIPO FEIXE ATIVO;1999.07;7;21.21
SOBR-004395;SENSOR DE PRESENCA DUPLA TECNOLOGIA C ANTI MASCARAMENTO;425.47;1152;6.85
NSPP-011786;SENSOR DA REJEICAO C 723  C 723 2 C 724;45.21;38;111.76
NSPP-003757;SELO DO VACUO;3.05;16286;8143.00
SOBR-001710;SCANNER FLATBED UNIT ASSEMBLY;1083.00;105;141.18
EQSB-077516;SCANNER COMPACTO KODAK SCANMATE I940;1699.00;261;3.62
SOBR-001537;ROLETE SEPARACAO P N RMI 0037 020CN;12.71;1067;1592.54
SOBR-001536;ROLETE PAPER PICKUP ROLLER CASSETE;12.71;1166;1166.00
NSPP-003888;ROLETE MEC  C 723 2 C 724 ROLETE MACIO 28X08;1.98;1040;61.76
SOBR-004935;ROLETE MACICO DO MODULO DE ACIONAMENTO AB;30.75;265;13.71
NSPP-003890;ROLETE DO MODULO DE ACIONAMENTO BORRACHA PRETA MACIA GRANDE 38X08;26.08;160;21.80
NSPP-003973;ROLETE DE TRACIONAMENTO DO MOD DD4;4.42;209;1229.41
SOBR-000749;ROLETE COM FLANGE DE ACO CROMADO M6 X 13 R02;4.18;10;20.00
SOBR-003658;ROLETE COLETOR DA BANDEJA1 MP   ROLLER  MULTIPURPOSE PICKUP TRAY 1;49.00;55;65.48
SOBR-000722;ROLETE BORRACHA PRETO TAKE AWAY REV 01;7.08;13343;31.10
NSPP-012239;ROLET BORRACHA TAKE AWAY;10.17;201;150.00
SOBR-003178;ROLDANA DE NYLON;83.00;109;16.74
SOBR-001059;ROLAMENTO DO MECANISMO ANTI FRAUDE DO PRESENTER PERTO DO MOD  DISPENSADOR D;4.92;70;70.00
SOBR-003147;ROLAMENTO DO MANCAL SUPERIOR 6009ZZ;212.49;27;39.71
SOBR-003146;ROLAMENTO DO MANCAL INFERIOR LM11949;163.66;42;35.90
NSPP-004001;ROLAMENTO DO EIXO DAS CORREIAS DO PRESENTER C 723  C 723 2  C 724 HK 0306TN;29.13;89;269.70
SOBR-001436;RODA VENT SEPARADOR CEDULAS AFD;3.50;5183;798.61
SOBR-005139;REPETIDOR DOS ACIONADORES DE PANICO REMOTO SEM FIO IBUS V2;367.58;392;194.06
SOBR-005695;REMOTE CONTROL OTP GT;833.00;626;36.82
SOBR-000027;RELE 30A 110 220V HAS HAT903CSDC12;25.66;23;27.38
SOBR-000499;REGUA AUXILIAR DE DISTRIBUICAO DC ATM PERTO;357.95;49;288.24
SOBR-002925;RECEPTORA DO CONTROLE REMOTO;269.50;171;29.38
SOBR-005138;RECEPTOR DOS ACIONADORES DE PANICO REMOTO IBUS V2;199.98;338;29.37
SOBR-003124;RECEPTOR DO CONTROLE REMOTO 433MHZ;238.00;65;32.34
SOBR-003123;RECEPTOR DO CONTROLE REMOTO 315MHZ;220.00;48;16.96
NSPP-003755;RASPADOR DO PMT MOD  ACIONAMENTO PERTO;0.90;177;210.71
SOBR-003109;PUXADOR POTTER   IECO GT;144.24;56;56.00
SOBR-000098;PROTETOR DO TECLADO FUNCOES DIREITO E ESQUERDO;24.27;10;58.82
SOBR-001027;PROLONGADOR ESQUERDO DO BOU   MND100 R9   EXTENSAO ESQ BOU;6.16;50;22.94
SOBR-000751;PROLONGADOR DIREITO DO BOU MND100 R9   EXTENSAO DIR BOU;3.09;1465;398.10
SOBR-004944;PROCESSADOR INTEL CORE I5 3470 3 20GHZ LGA1155 TDP 77W;4801.25;13;15.48
SOBR-005758;PROCESSADOR INTEL CORE I3 6300 3 80GHZ LGA1151 TPD 51W IN A BOX;810.00;2;0.57
SOBR-001933;PROCESSADOR INTEL CELERON 430 1 80GHZ LGA775 TDP 35W;541.06;13;38.24
SOBR-002463;PROCESSADOR AMD PHENOM II X2 550 3 10GHZ SOQUETE AM2  AM3 TDP 80W;300.00;344;24.86
SOBR-002989;PRESENTER C 724 AF;5770.92;121;4.27
SOBR-000588;PRESENTER C 723 PLC;5150.11;486;11.32
SOBR-004874;PRESENTER 723 SENS;9303.56;49;1.47
SOBR-001587;PRESENTE FOLHA DE CHEQUE OKIDATA BB;4720.26;90;4.00
SOBR-005690;POWER SUPPLY 10C 150W GT;2380.00;177;27.92
SOBR-005258;POLIAS DAS CORREIAS DA REJEICAO;110.81;31;6.18
NSPP-003796;POLIA DUPLA DO MODULO DE ACIONAMENTO DISPENSADOR DE NOTAS PERTO;39.50;87;263.64
SOBR-005446;PLC SERPENT  COFRE;91.78;15;22.39
SOBR-004797;PLC MSERIAL PR TEC;100.55;96;282.35
SOBR-005685;PLACA TRX8N1 DT8 GT N1 ;3430.00;16;7.41
SOBR-004483;PLACA SENSOR SOLENOIDE FECHADO;338.56;8;10.00
SOBR-005666;PLACA SENSOR OTICO 15 A 200CM S 8MM C CABO;205.19;131;23.02
SOBR-000354;PLACA SENSOR INCLINA ROHS;219.06;151;444.12
SOBR-002560;PLACA SENS BB 2011;1110.08;93;411.76
SOBR-002549;PLACA SENS ASK 2011;657.15;13;52.94
SOBR-003350;PLACA PS 004 A10;939.50;14;10.00
SOBR-002990;PLACA PRESENTER C 723 724;1024.73;36;29.41
SOBR-000584;PLACA PCI MULTISERIAL 8C;1006.16;83;17.80
NSPP-011699;PLACA MULTISERIAL PCI SEM EXTENSAO;484.87;17;34.00
SOBR-002469;PLACA MULTISERIAL PCI CYCLONE I BB 2011;406.84;127;11.69
SOBR-002921;PLACA MP368A;4841.75;548;9.22
SOBR-006121;PLACA MAE MICRO ATX P PROCESSADOR INTEL CORE GERACAO 8 LGA1151DATEN DH310MX;510.00;54;21.30
SOBR-005646;PLACA MAE MICRO ATX INTEL SOQUETE LGA1150 CHIPSET B85 EXPRESS GIGABYTE B85M;812.65;62;10.18
SOBR-000486;PLACA LEITOR CODIGO DE BARRAS RJ45 PLC LCB;105.22;50;58.82
SOBR-000489;PLACA INTERFACE MULTISERIAL 8 8 RJ45 IMS;297.14;48;37.25
SOBR-005331;PLACA IMS;119.59;29;17.91
NSPP-013697;PLACA FONTE DE ALIMENTACAO 24V 5V IMPRESSORA ITAUTEC FJT10 RS232;710.55;490;9.86
SOBR-003122;PLACA FONTE CHAVEADA PG14;1360.00;99;29.41
SOBR-003167;PLACA FILTRO DE REDE;306.00;11;64.71
SOBR-000585;PLACA EXTENSAO DA PCI MULTISERIAL;102.43;25;16.67
SOBR-005315;PLACA EXPANSORA 8 ZONAS   GERACAO 3;142.03;58;49.57
SOBR-001328;PLACA DOS SENSORES PERTO 2010;847.82;67;50.00
SOBR-000493;PLACA DO SENSOR ANTI SKIMMING;700.04;47;182.35
SOBR-001489;PLACA DE VIDEO PCI E16 GEFORCE GT 210 512MB GDDR2 64BITS 1XVGA 1XDVI 1XHDMI;309.34;92;55.09
SOBR-002537;PLACA DE SENSORES TAA ITAUTEC 2012 COM SIRENE;703.73;76;6.82
SOBR-004972;PLACA DE SENSORES PERTO 2014 C ENTINTAMENTO;8295.05;62;1.77
SOBR-003121;PLACA CV D1 FONTE INTERNA DO GDM;746.90;46;88.24
SOBR-001269;PLACA CPU IMPRESSORA F15HERXX;1098.95;92;417.65
SOBR-005448;PLACA CPU FIRMWARE A F F00L1A DEPOSITARIO UNIVERSAL 12 SENSORES;2363.83;41;70.59
SOBR-002988;PLACA CPU DO MECANISMO C723 724;2051.24;57;64.71
SOBR-001956;PLACA CPU DD4;1257.69;26;147.06
SOBR-002905;PLACA CPU CRIPTOGRAFADA DO MECANISMO C 724;3382.62;57;18.66
SOBR-002904;PLACA CPU CRIPTOGRAFADA DO MECANISMO C 723;2569.04;56;38.24
SOBR-001327;PLACA CPU ANTI SKIMMING PERTO 2010;608.28;35;82.35
NSPP-013696;PLACA CONTROLADORA SERIAL IMPRESSORA ITAUTEC FJT10 RS232;1210.31;433;8.31
SOBR-001343;PLACA CONTROLADORA LEITORA SANKYO ICM300 3R1182 SOBR 000861;449.89;685;511.19
SOBR-003662;PLACA CONTROLADORA ECU ENGINE CONTROLLER UNIT 110 127VAC   ENGINE CONTROLLE;146.66;25;29.41
SOBR-001707;PLACA CONTROLADORA DC DC HP M4345X MFP;890.00;98;125.49
SOBR-002973;PLACA COMANDO SAS MICROCOMROLADO;3040.00;57;64.71
SOBR-003127;PLACA COMANDO FONTE 24V PGDM IECO GUNSHOT BANK BB;1742.50;67;117.65
SOBR-001775;PLACA CMC200   CMC NMD CRIPTOGRAFADA BB COM CHAVE PT;780.81;846;13.38
SOBR-005290;PLACA ACELEROMETRO;365.26;24;35.82
SOBR-000181;PINO RETENCAO MOLA;0.86;26;31.33
SOBR-001425;PINO PLASTICO DE TRAVA PICKER X K7 ALIMENTACAO;1.13;7158;54.22
SOBR-001437;PINO BATENTE PVC EMPILHADOR;0.07;13;76.47
NSPP-010878;PILHA LITIO 3V CR2032 P PLACA MAE;0.96;51187;67.92
SOBR-002103;PCI EXTENSAO SCANNER IS4120 METROLO;31.78;21;20.59
SOBR-006242;PARTE PAINEL LCD BB AZUL ROHS;307.35;33;97.06
SOBR-001928;PAR TRILH COMPX 18  FIX IMPRESSORA ROHS;186.98;11;64.71
PMEC-000110;PAINEL SUPERIOR INTEGRADO PINTADO B RASIL ROHS DIE 49 253228 000A;1423.22;16;47.06
SOBR-006241;PAINEL SUP INTEGRADO PINTADO ATMR BB ROHS;546.60;33;64.71
SOBR-005613;PAINEL INFERIOR ATM FULL TR;554.89;9;2.24
SOBR-002417;PAINEL INFERIOR ATM BB 2011;410.47;22;44.00
PERF-000008;PAINEL FRONTAL SUPERIOR DO ATM ITAUTEC FULL   SAQUE;1121.51;98;529.41
SOBR-002489;PAINEL FRONTAL SUPERIOR COMPLETO P  TAA SAQUE FRONTAL PERTO TS2111 2011;10594.11;4;17.65
SOBR-003106;PAINEL DE FUNCOES PAINEL COMANDO;2086.92;145;18.88
SOBR-002498;PAINEL BB PINTADO;4130.96;9;26.47
SOBR-003151;NYLON LIMITADOR DA TRAVA ELETRICA TECNIL1;247.80;78;42.16
SOBR-003152;NYLON DO ANTI RETORNO TECNIL 1 2;247.80;25;21.19
SOBR-001050;NMD R9   CONJUNTO STACKER PRESENTER TR;1141.56;181;4.59
SOBR-001048;NMD R9   CONJUNTO NOTE QUALIFIER NMD IT R9;3800.06;946;5.02
SOBR-001045;NMD R9   CONJUNTO NFC200   NOTE FEEDER CTRL;818.37;628;9.92
SOBR-001044;NMD R9   CONJUNTO FRAME;576.25;473;3.97
SOBR-005596;NMD R10 CONJUNTO BUNDLE OUT PUT ANTIFRAUDE AT;691.31;35;5.62
SOBR-001087;MOUSE OPTICO USB 2 BOTOES C ROLAGEM 800 DPI PRETO C CABO 180CM;15.00;257;7.83
SOBR-005074;MOTOR SHENZHEN QUINTAL C CABOS;375.84;33;194.12
SOBR-005319;MOTOR SEM CABO 12V CC 1200RPM CORREIAS PRESENTER C 723 724;276.01;62;73.81
NSPP-003866;MOTOR ACION MEC DEPOSITARIO DD4LC 12V;58.28;17;100.00
PERF-000093;MONITORLCD LED OPEN FRAME 15 POL XGA INTERFACE D SUB DVI D S PROTECAO AMONG;2452.23;59;7.49
SOBR-001267;MONITOR LCD LED OPEN FRAME 15 POL XGA INTERFACE D SUB DVI D S PROTECAO AMON;3570.68;158;5.66
SOBR-005598;MONITOR COLOR LCD 15 E512043 ELO C FILTRO;4048.87;21;5.98
SOBR-001888;MOLDURA PLASTICA PINTADA TECLADOAS FUNCAO FAM4500 BB;30.18;23;19.66
PMEC-000111;MOLDURA PLASTICA BAIXA PINTADA LEITOR BIOMETRICO BANCO DO BRASIL ROHS;33.99;56;48.28
PMEC-000215;MOLDURA LCD COM TOUCH SCREEN DIE49 240759 000A;71.31;22;32.35
SOBR-003701;MOLA TRACAO MINI ACCES 118 720016;170.00;12;36.36
SOBR-005322;MOLA TRACAO MANCAL EIXO DAS CORREIAS DE REJEICAO;0.73;192;19.55
SOBR-003351;MOLA TRACAO FREIO MECANICO 118 720020;170.00;29;43.28
SOBR-003318;MOLA DORMA HID BTS 75V SEM TRAVA;974.75;6;35.29
SOBR-003023;MOLA DO ANTI RETORNO;112.20;30;16.13
SOBR-000180;MOLA DE COMPRESSAO HELICOIDAL;1.13;16;47.06
SOBR-003024;MOLA DA PARADA OBRIGATORIA;156.33;40;6.49
SOBR-004959;MODULO SMARTGARD DYNAMIC BB SIMPLES FAB INTERGARD P N MLS00023;1732.91;35;17.41
SOBR-004873;MODULO PMT PARA MECANISMO HIBRIDO;2389.74;76;8.80
NSPP-013807;MODULO NOTE FEEDER DUPLO S SENSOR DE DUPLA DETECCAO WINCOR;1260.00;473;2.32
SOBR-008050;MODULO INTERMEDIARIO PAINEL FRONTAL BANCO DO BRASIL PINTADO;357.75;35;205.88
SOBR-004361;MODULO GPRS VW16ZGPRS KIT C GABINETE TRANSFORMADOR PLACA ANTENA SENSOR VIOL;522.31;203;70.73
SOBR-000589;MODULO DUPLA DETECCAO BB;1762.04;375;8.98
NSPP-123389;MODULO DEPOSITARIO PERTO DD4 LC;3116.02;274;1.29
PERF-000032;MODULO DEPOSITARIO LEITOR CODIGO BARRAS BB TAA ITAUTEC ATM 3501TR;3343.66;697;16.70
SOBR-004365;MODULO DE COMUNICACAO   UNIVERSAL   TCP IP E GSM GPRS;337.46;91;77.12
SOBR-004877;MODULO DE ALIMENTACAO SIMPLES;2030.59;15;3.40
SOBR-004876;MODULO DE ALIMENTACAO PRINCIPAL CANAL 1;3331.24;23;3.81
SOBR-008059;MODULO DE ALIMENTACAO INTERMEDIARIO CANAL 4;2826.38;36;70.00
SOBR-004878;MODULO DE ALIMENTACAO INTERMEDIARIO CANAL 2 E 3;3165.85;68;30.88
SOBR-002991;MODULO DE ACIONAMENTO A B PARA C 724 FRONTAL;7908.43;11;5.41
NSPP-123413;MODULO ACIONAMENTO A B C 723 2 ATM PERTO SONDA CHATA;8600.31;18;5.26
NSPP-012241;MOD  ALIMENTACAO NOVO  ROLETE BORRACHA STRIPPER FENDER;8.67;4388;9.92
NSPP-012165;MOD  ALIMENTACAO NOVO  EIXO DO ROLETE TAKE AWAY;2.36;439;87.80
SOBR-000590;MOD DUPLO C D 723 724;4432.81;219;4.56
SOBR-005532;MICROCHAVE PUSH BUTTON HONEYWELL 1DM1;81.02;53;155.88
SOBR-003711;MEMORIA EPROM C FIRMWARE VRS F15KRI03 SISTEMA TS2111 TAASF;37.50;81;476.47
SOBR-004424;MEMORIA DIMM DDR3 1600 4GB PC3 12800 240 PINOS CL11;636.94;293;27.00
SOBR-006116;MEMORIA DIMM 8GB DDR4   2 133MHZ CL15;395.00;1;1.96
SOBR-005702;MECANISMO IECO PGDM 2016 GT;2469.16;107;79.85
SOBR-003154;MANCAL SUPERIOR PGDM AVAL COM ROLAMENTO;383.44;29;58.00
NSPP-003835;MANCAL DO EIXO DAS VENTOSAS;6.56;171;79.17
SOBR-005321;MANCAL DO EIXO DAS CORREIAS DE REJEICAO;5.79;60;12.00
SOBR-001089;MANCAL DO CONJ  BRACO DO BALANCIM DA BOMBA DE VACUO;20.77;167;167.00
SOBR-006350;MAGNET SENSOR MOVEM BIDIR  MAMB2 LEF ;8698.44;10;58.82
SOBR-002934;LONA DO SISTEMA DE TRAVAMENTO;167.80;50;12.41
NSPP-011443;LEITOR OTICO CODIGO DE BARRAS C CABO FLAT METROLOGIC SCANQUEST IS4126 76;492.59;639;25.05
SOBR-005562;LEITOR HIBRIDO DE CARTAO MAGNETICO SMARTCARD PERTO DDM HOPT SCHULER 862 FIR;1599.76;39;217.65
SOBR-000852;LEITOR HIBRIDO CARTAO MAGNETICO SMARTCARD SANKYO ICM300 3R1372 REV J K L FI;1218.06;150;39.48
SOBR-004919;LEITOR HIBRIDO CARTAO MAGNETICO SMARTCARD PERTO 280 17 298 C SENSOR ANTI SK;1959.86;153;3.42
SOBR-001303;LEITOR HIBRIDO CARTAO MAGNETICO SMARTCARD PERTO 220 20 103 C SENSOR ANTI SK;1458.46;6;9.80
SOBR-000788;LEITOR HIBRIDO CARTAO MAGNETICO SMARTCARD PERTO 220 20 049 C SENSOR ANTI SK;1604.26;6;12.12
SOBR-005604;LEITOR BIOMETRICO V 400 00 01 SEM PROTECAO SUPERIOR;3964.17;166;7.61
SOBR-005330;LEITOR BIOMETRICO SEM PROTECAO SUPERIOR;4805.00;270;11.41
PERF-000077;LEITOR BIOMETRICO LUMIDGIM V 401 00 01 COM CARCACA E CABO USB;4637.80;208;6.14
SOBR-005771;LEITOR BIOMETRICO;5897.38;15;15.00
SOBR-004243;KIT PARA ATUALIZACAO DAS ENGRENAGENS DO MODULO DUPLO DE ALIMENTAO C D;154.37;25;14.88
SOBR-004244;KIT PARA ATUALIZACAO DAS ENGRENAGENS DO MODULO DE ACIONAMENTO A B;169.20;11;64.71
SOBR-004879;KIT DOS EIXOS DO MODULO DE ALIMENTACAO;761.18;271;7.78
SOBR-001370;KIT DO TRILHO ESQUERDO ALOJAMENTO 4 GAVETAS DISPENSADOR WINCOR;55.39;135;21.26
SOBR-001367;KIT DO TRILHO DIREITO ALOJAMENTO 4 GAVETAS DISPENSADOR WINCOR;55.39;253;47.38
SOBR-001366;KIT DO SUPORTE PROTETOR DO CONECTOR DO DISPENSADOR WINCOR NSPP 013813 NA CO;42.86;120;352.94
SOBR-003172;KIT DE PARAFUSOS PARA SISTEMA DE TRAVAMENTO   NOVO 2 PARAFUSOS;122.04;42;82.35
SOBR-003165;KIT DE PARAFUSOS PARA SISTEMA DE TRAVAMENTO 3 PARAFUSOS;38.01;52;51.49
SOBR-004410;KIT ATUALIZACAO UCP TAA ITAUTEC 2007 E 2011;1459.35;455;4.26
SOBR-006206;K7 INK STAINNING CASSETE P  RM4H PATS C PPB;2262.00;323;30.70
SOBR-004789;K7 DE NOTAS PERTO COM ENTINTAMENTO;6142.48;74;2.31
SOBR-006207;K7 ALL IN P  RM4H PATS C PPB;4096.18;82;37.44
SOBR-005623;INTERRUPTOR PUSHBUTTON NA NF 10A 250VCA  TIPO PINO ;98.74;34;7.56
SOBR-005126;INTERRUPTOR PUSH BOTTON 1A 120V NA;26.00;27;79.41
PERF-000013;IMPRESSORA TERMICA ITAUTEC SERIAL RS232 TR;1760.63;1458;11.31
PERF-000101;IMPRESSORA TERMICA DE RECIBOS PERTO PARA TDS 9 POL;4806.72;39;217.65
SOBR-002999;IMPRESSORA 76MM;3597.00;372;4.30
NSPP-004069;IMA SENSOR MAGNETICO PORTA ABERT COFR GABNT;19.39;7;14.00
SOBR-001523;HD 2TB SATA 2 3 5POL COM DE OPERACAO 24X7 EXCLUSIVO PARA DVR;569.98;38;13.33
SOBR-001719;HD 1TB SATA 3 3 5POL 7200RPM 64MB;443.00;2086;18.40
SOBR-005288;GUIA INFERIOR DA CORREIA DE REJEICAO;25.19;889;889.00
NSPP-010909;GUIA DE NOTAS MAIOR   EXTREMIDADE CANAL 2   2A FAMILIA DO REAL;12.29;41;61.19
SOBR-002666;GEAR ASSEMBLY;220.00;7;41.18
PERF-000099;GABINETE PARA BATERIA   GERACAO 3 C CINTA;408.00;152;447.06
SOBR-003102;GABINETE IECO GD8 BB3 LEARNING 4C CONJUNTO SISTEMA DETECTOR PLACA PS  TRX E;3680.00;230;2.83
EQSB-000390;GABINETE ESTRUTURADO EXPANSAO ATE 32 ZONAS   GERACAO 3;2138.40;172;110.92
EQSB-000389;GABINETE ESTRUTURADO ATE 32 ZONAS   GERACAO 3;2066.13;596;104.67
EQSB-000388;GABINETE ESTRUTURADO ATE 16 ZONAS   GERACAO 3;1722.60;442;136.51
SOBR-000833;FONTE SFX 300W REAL AUTOMATICA 20 4 PINOS CPU 4 PINOS 3 PATA 1 SATA 100X125;244.98;462;4.21
SOBR-001282;FONTE INTERNA CA CC 12V C CABOS P TAA PERTO 2010;740.73;105;72.27
SOBR-001787;FONTE INTERNA 12V 3 0A   36V 3 2A NMD PS126;1523.69;1390;6.62
SOBR-005587;FONTE FULL RANGE 100 240VCA  PLACA ;432.54;31;20.24
SOBR-003923;FONTE EXTERNA CA CC 24V 1 875A TOMADA IEC 320 C8 SAIDA PLUGUE P3 C LED P SC;651.00;20;40.00
SOBR-005456;FONTE EXTERNA CA CC 12V 4A P MONITOR PERTO TC 5150;259.70;593;29.40
SOBR-001488;FONTE EXTERNA CA CC 12V 15A BIVOLT SAIDA BARRA CONECTORES;105.29;137;11.76
SOBR-005595;FONTE CHAVEADA NMD100 100 240VCA;2127.27;90;1.85
SOBR-003168;FONTE CHAVEADA AFT IEC 06;2163.60;215;5.72
SOBR-005317;FONTE AUXILIAR 3A CENTRAL DE ALARME C CARREGADOR DE BATERIA   GERACAO 3;420.74;147;122.06
SOBR-001790;FONTE ATX BABY 350W 24VCC BIVOLT SAIDA CA IEC 320 C13 P DEPOSITARIO MODULO ;651.88;25;2.03
NSPP-011416;FONTE ATX BABY 250W 24VCC BIVOLT SAIDA CA IEC 320 C13 P DEPOSITARIO;297.72;441;11.22
SOBR-004796;FONTE ATX 500W REAL AUTOMATICA PFC ATIVO;660.07;129;6.54
SOBR-000164;FONTE ATX 300W AUTOMATICA 20 4 PINOS 2 SATA SAIDA CA NEMA 5 15R;218.31;39;1.70
SOBR-004905;FONTE ATX 1U 350W AUTOMATICA 80 PLUS GOLD PFC ATIVO SERVIDOR SUPER MICRO SC;1325.49;143;15.23
SOBR-002922;FONTE ALIMENTACAO C CARREGADOR BATERIA PGDM MINEORO;2160.00;812;6.18
SOBR-005706;FONTE 24V C DISJUNTOR TOMADAS;755.13;48;2.99
NSPP-013812;FONTE 24V 7A MODULO PAGADOR WINCOR;498.65;628;15.87
SOBR-004922;FONTE 24V 2 5A GVE;255.34;85;62.96
SOBR-004863;FONTE 12V 150W FR;787.15;45;13.73
SOBR-006182;FOLHA MULT ETIQ EDITAL 2017 ATMR4500 BB ROHS;13.58;13;11.11
SOBR-006329;FLUIDO GERADOR DE NEBLINA   ATK3000;276.00;93;110.71
SOBR-004869;FLEXIVEL 5397 SERPENTINA  DIREITA;56.04;163;8.80
SOBR-004866;FLEXIVEL 5396 SERPENTINA  ESQUERDA;65.45;373;19.31
SOBR-004865;FLEXIVEL 5394 SERPENTINA  FRONTAL;62.83;270;18.19
SOBR-003101;FLANGE SUPERIOR CYL IN 2008 LT;850.00;26;14.21
SOBR-003100;FLANGE INFERIOR CYL IN 2008 LT;650.00;15;88.24
NSPP-003852;FIXADOR TRAVA PLASTICA DO MODULO DE DUPLA DETECCAO PMT C 723 2 C 724;1.48;344;2023.53
NSPP-003847;FIXADOR DOS CASSETES DO CJ  LATERAL ESQ  C  BASE P  MICRO SWITCH DO C724 C7;3.59;410;621.21
SOBR-000885;FILME PROTETOR CAMERA BB 2009 2010;5.05;89;261.76
SOBR-005572;FILME PROTETOR CAMERA ATM 001;9.31;3;17.65
SOBR-003169;FERRAGEM DE ACIONAMENTO DA SOLENOIDE;47.25;6;17.65
SOBR-005648;FECHO ELO ESTEIRA DO MODULO PAGADOR;1.38;67;50.38
SOBR-001897;FECHADURA EXT PT FIAT UNO ESQ 1 ESTAGIO;26.07;70;205.88
SOBR-005279;FECHADURA ELETROIMA 1200 LIBRAS C SENSOR ABERTURA EMBUTIDO CINCOFORT;1098.00;60;11.26
SOBR-000971;EXTENSAO DO TRILHO DIR INFERIOR;10.58;50;294.12
SOBR-000973;EXTENSAO DO TRILHO DIR ESQ SUP;10.58;45;264.71
SOBR-001800;ETIQUETA C  BB CASSETE;1.73;26;76.47
SOBR-001798;ETIQUETA A  BB CASSETE;2.09;42;247.06
SOBR-006107;ESTICADOR CORREIA DO MOTOR MODULO ACIONAMENTO;266.33;38;74.51
SOBR-001404;ESPACADOR MENOR IMPRESSORA T650 BB ROHS;30.90;33;194.12
SOBR-005309;ENGRENAGEM ROLETES Z35 M 0 8 CORRIGIDA;11.03;53;15.87
NSPP-003728;ENGRENAGEM HELICOIDAL 35 DENTES DO CONJUNTO EIXO DA BOMBA;6.79;339;505.97
SOBR-007817;ENGRENAGEM DE INTERLIGACAO DOS CANAIS COM O MOTOR PRINCIPAL  Z35  M 0 8  20;50.86;23;46.00
SOBR-005271;ENGRENAGEM CAPTADORES Z36 M 0 8 CORRIGIDA;17.83;76;50.33
NSPP-003798;ENGRENAGEM 47 DENTES RETOS   PINADA C 723 2 C 724;5.66;2697;4086.36
NSPP-003794;ENGRENAGEM 35 DENTES   PINADA C 723 2 C 724;5.30;157;36.26
NSPP-003726;ENGRENAGEM 260 78 001 8;22.88;29;170.59
SOBR-006120;EMBOLO DA FECHADURA TETRACHAVE SOBR 002944 COM 2 CHAVES E PARAFUSO ALLEN M5;146.00;94;35.07
SOBR-002516;ELO ESTEIRA PORTA CABOS FESMA FB 12 15 18;3.54;5954;234.96
NSPP-013486;ELO ESTEIRA PORTA CABO FESMA FB 18 15 18;3.01;651;353.80
SOBR-005620;ELO DA ESTEIRA DO MODULO PAGADOR;2.15;1076;358.67
SOBR-005328;EIXOS DAS CORREIAS;91.47;323;92.29
SOBR-000731;EIXO TRANSPORTADOR R01;47.72;1949;974.50
SOBR-003487;EIXO SUPERIOR COMPLETO SISTEMA DE FREIO;1488.50;68;31.05
SOBR-005103;EIXO NOVO DO ROLETE TAKE AWAY;5.87;610;140.23
NSPP-003971;EIXO METALICO ENTREGADOR PRESENTER;99.90;35;205.88
SOBR-005120;EIXO DAS POLIAS Z56 DAS CORREIAS DE REJEICAO;144.84;111;9.36
SOBR-005261;EIXO DAS POLIAS LISAS DA REJEICAO MENOR;98.65;43;6.97
SOBR-005260;EIXO DAS POLIAS DAS CORREIAS DE REJEICAO LISA;97.31;30;6.65
SOBR-005262;EIXO DAS CORREIAS INFERIOR MOVEL;51.90;204;15.88
SOBR-005257;EIXO DAS CORREIAS DA REJEICAO;120.57;77;8.11
NSPP-013598;DISSIPADOR ATIVO P PROCESSADOR INTEL SOQUETE LGA775 LGA1150 LGA1155 LGA1156;122.31;18;21.43
SOBR-004406;DISSIPADOR ATIVO P PROCESSADOR AMD SOQUETE AM2 AM3 TDP ATE 95W;120.72;878;25.09
SOBR-006353;DISPOSITIVO METALICO ANTI FURTO PARA DEPOSITARIO OKI;41.48;4407;146.85
SOBR-006352;DISPOSITIVO METALICO ANTI FURTO PARA DEPOSITARIO DIEBOLD;40.22;185;19.83
SOBR-005657;DISPOSITIVO CONTACTLESS CARTAO S  CONTATO IDVK 310101;1937.30;12;70.59
NSPP-011446;DISPENSADOR DE CHEQUES COMPACTO BB ITAUTEC;1956.80;295;140.00
SOBR-005527;DISJUNTOR 15A BP NBR K60 21175;137.22;19;57.58
NSPP-003977;DESVIADOR 2 EIXO COM GUIAS P TAA PERTO TS2111 TAASF;143.63;18;105.88
SOBR-003709;DESVIADOR 1 EIXO COM GUIAS ATUALIZADAS PARA O TS2111 TAASF;142.75;38;223.53
SOBR-005608;DEPOSITARIO CODIGO BARRRAS AF TR K7M V03 ZNB 2014 AR;4827.69;268;2.00
SOBR-004913;DEP  DD4;10539.48;39;1.31
SOBR-004431;CORREIA SUPERIOR TRANSPORTE CEDULAS P  REJEICAO C 724;16.36;216;11.17
NSPP-003810;CORREIA SUPERIOR DE REJEICAO COM PERIMETRO 275    1 5MM PARA MODULO C 723;35.12;1405;125.90
NSPP-003900;CORREIA POLIURETANO DO PRESENTER C 724 TRANS  DE CEDULAS;28.40;1093;56.54
NSPP-003808;CORREIA POLIURETANO DO PRESENTER C 723 2 TRANS  DE CEDULAS;18.86;2014;14.77
SOBR-005077;CORREIA PEQUENA PLANA U 8 W DEPOSITARIO PERTO;61.80;247;19.76
SOBR-004794;CORREIA MXL PERTO 102 49 238;12.50;8550;32.47
SOBR-004793;CORREIA MXL 025 PERTO 102 49 237;18.91;3461;11.45
NSPP-003834;CORREIA MOTOR ENTREGADOR X DISCO DE TEMPO C 7232 CORREIA 63MXL025;4.67;33;194.12
NSPP-003938;CORREIA INFERIOR  20 CM  TRANSPORTE CEDULAS P  REJEICAO C724;10.08;399;14.42
NSPP-003811;CORREIA INFERIOR U8W 10X340X0 8  17 CM  TRANSPORTE CEDULAS P  CAIXA REJEICA;8.40;1294;152.24
SOBR-005265;CORREIA INFERIOR;22.16;61;19.24
SOBR-005078;CORREIA GRANDE PLANA U 8 W DEPOSITARIO PERTO;89.32;99;15.64
NSPP-003833;CORREIA DO ENTREGADOR DO MODULO PRESENTER DO C 723 2;40.28;536;1624.24
NSPP-013555;CORREIA DENTADA GT 2MR 252 10 NQ X NF   NMD CORREIA SINCR GT 2MR 252 10;40.37;4;23.53
SOBR-004792;CORREIA DENTADA FHT 180 DENTES PERTO 102 49 213;30.82;3059;8.89
SOBR-000306;CORREIA DENTADA DE 124 DENTES E PASSO 3MM DE NEOPRENE E FIBRA DE VIDRO;5.30;7;14.00
SOBR-000366;CORREIA DENTADA C 140 DENTES  3MM E 420MM DE COMP   NEOPERENE E FIBRA DE VI;3.45;11;22.00
SOBR-000595;CORREIA DENTADA 67D  201MM DE COMPRIMENTO  3MM DE PASSO   NEOPRENE FIBRA;2.75;31;182.35
NSPP-012318;CORREIA DENTADA 2MR 318 NF X NF   NMD CORREIA SINCR GT 2MR 318 06;62.87;24;36.36
SOBR-004791;CORREIA DENTADA 162XL 81 DENTES PERTO 102 49 173;43.56;183;12.75
NSPP-003913;CORREIA DENTADA 120MXL 150 DENTES;6.32;36;211.76
SOBR-001902;CORREIA DENT COMPR 1209MM 3MM;21.25;5237;38.84
SOBR-002040;CORREIA DENT 210D 3MM;6.91;1015;1015.00
NSPP-003879;CORREIA 270XL 037  MOD  PERTO C 623  C 723 4   ACIONA MODULO K7 C E D;13.67;382;326.50
SOBR-006243;CORPO PRINCIPAL PAINEL SUP RM4H BB 2017 PRATA ROHS;363.23;34;200.00
SOBR-005584;COOLER LGA1156 64758CFM 5400RPM 10 13 2V;149.19;11;32.35
SOBR-002928;CONTROLE REMOTO 433MHZ;131.83;855;20.45
SOBR-005650;CONTROLADORA ENTINTAMENTO OBERTHUR NAC CAP LC2 RV15;1436.63;95;4.40
SOBR-001031;CONTR P TOUCH DUAL ELO;248.06;218;22.92
SOBR-000875;CONJUNTO TRAVA DO DEPOSITARIO;25.53;56;112.00
SOBR-005665;CONJUNTO TRANCA DOS CASSETES;825.51;5;10.00
SOBR-004798;CONJUNTO TOUCH VIDRO PRIVACIDADE;3154.11;10;6.02
SOBR-000478;CONJUNTO TELA DE TOQUE PERTO P N 280 12 764;2369.14;15;11.19
SOBR-001643;CONJUNTO TELA DE TOQUE COMPLETO PERTO P N 280 15 604;2421.59;47;14.59
SOBR-005086;CONJUNTO SUPORTE SHUTER COM SENSOR DE ARROMBAMENTO;251.04;34;68.00
SOBR-004770;CONJUNTO SOLENOIDE DE ABERTURA DO GABINETE SUPERIOR DO TAA PERTO;261.58;23;67.65
SOBR-002942;CONJUNTO SOLENOIDE 24V COM MOLA;306.00;19;111.76
NSPP-003783;CONJUNTO SOLENNOIDE DESVIADOR 1 E 2 DO C 724  DO C 723 2 E DO DD4LC;298.21;48;94.12
SOBR-005084;CONJUNTO SENSOR OTICO;363.96;40;117.65
SOBR-005009;CONJUNTO SENSOR DO TUNEL;866.17;51;7.46
NSPP-011784;CONJUNTO SENSOR DO DISCO SINCRONISMO RODA DE TEMPO MOTOR PRINCIPAL;45.16;16;48.48
SOBR-002926;CONJUNTO SENSOR DE PRESENCA;531.35;53;31.55
SOBR-005582;CONJUNTO SENSOR ARROMBAMENTO DEPOSITARIO;49.79;9;17.65
SOBR-000492;CONJUNTO SENSOR ANTI SKIMMING BB   TMF4100;571.69;87;73.53
SOBR-003648;CONJUNTO ROLETE COLETOR   PAPER PICKUP ROLLER ASSEMBLY;47.80;83;17.15
SOBR-005586;CONJUNTO RELE DESATIVA CR AS;194.91;41;30.60
SOBR-001219;CONJUNTO REGUA ANTI SKIMMING BB 2008 2009 NOVO PADRAO ABNT;1558.21;60;7.67
SOBR-000834;CONJUNTO PLACA MULTISERIAL CYCLONE;321.51;104;77.04
SOBR-005610;CONJUNTO PCI MULTISERIAL PCI EXPRESS PA;800.88;10;5.95
SOBR-004921;CONJUNTO PAINEL INFERIOR TAA PERTO SUPERFULL TMF2100V13;4259.65;5;14.71
SOBR-001049;CONJUNTO NOTE STACKER NMD IT R9 NMD R9;867.94;386;3.66
SOBR-001047;CONJUNTO NOTE FEEDER MODULO NMD R9;1997.23;4210;4.00
SOBR-001046;CONJUNTO NOTE DIVERTER NMD IT R9 MODULO NMD R9;774.93;287;2.93
SOBR-005589;CONJUNTO NFC200   NFC NMD ENTINTAMENTO;710.73;53;1.98
SOBR-005087;CONJUNTO MOTOR E SOLENOIDE DEPOSITARIO;252.69;9;10.71
SOBR-005661;CONJUNTO MOTOR DE PASSO DO SHUTTER DO DEPOSITARIO;89.65;48;247.06
SOBR-005677;CONJUNTO MONT TRAVA SOLENOIDE C SWITCH;316.28;18;18.00
SOBR-005647;CONJUNTO MECANISMO IMPRESSOR 200 ATM AT;2054.32;112;3.61
SOBR-004918;CONJUNTO LEITOR BIOMETRICO COM PROTECAO SUPERIOR;6702.82;11;32.35
SOBR-005772;CONJUNTO LEITOR BIOMETRICO COM PROTECAO SUPERIOR;4739.35;24;8.45
SOBR-002503;CONJUNTO IMPRESSORA COMPLETA FJT 232 BB DYNALF FULL;2410.87;68;4.70
SOBR-005601;CONJUNTO IMPRESSORA 100MM USB FULL TR BB 2015;3050.16;105;4.49
SOBR-002674;CONJUNTO FUSOR 110V T65X 40X4418;361.26;43;6.79
SOBR-005605;CONJUNTO EXTENSAO SCANNER IS4125 76 2014;50.00;10;11.90
SOBR-005611;CONJUNTO EXTENSAO MULTISERIAL PCI EXPRESS FIT;174.21;42;20.90
SOBR-002759;CONJUNTO ETIQUETA ATM FULL BB 2011;9.06;353;2076.47
NSPP-012521;CONJUNTO ENGRENAGEM INTERMEDIARIA;10.71;134;161.45
NSPP-004022;CONJUNTO EIXO DESVIADOR MOD  C 723;113.77;3;17.65
NSPP-004012;CONJUNTO EIXO CORREIAS SUPERIOR REJEI ;81.24;32;94.12
NSPP-004013;CONJUNTO EIXO CORREIAS;59.88;8;47.06
SOBR-001427;CONJUNTO EIXO ALIMENTADOR AFD REV 01;73.68;5062;17.01
SOBR-000496;CONJUNTO DO VENTILADOR;119.38;9;52.94
SOBR-005535;CONJUNTO DO TRILHO DO DEPOSITARIO DIEBOLD SUPER FULL;162.00;12;23.53
SOBR-005085;CONJUNTO DO SENSOR;96.04;28;164.71
SOBR-005612;CONJUNTO DISPOSITIVO SEGURANCA BB ENT;1119.89;92;6.33
SOBR-005339;CONJUNTO DEPOSITARIO 2009 ATUALIZADO KIT GARRA;4516.59;1083;4.37
SOBR-004799;CONJUNTO DE BATERIA PARA O FUNDO DO COFRE FORMADO POR 24 PILHAS GERANDO 7 4;1208.27;23;0.79
SOBR-003116;CONJUNTO CONTROLE REMOTO 315MHZ PLACA X 2 CONTROLES REMOTOS;374.00;131;11.74
SOBR-003149;CONJUNTO CONTROLE REMOTO 2 CONTROLES RECEPTOR COM CRIPTOGRAFIA;581.09;162;5.49
SOBR-005602;CONJUNTO CONTROLADORA IMPR TERM USB V3;1276.88;89;5.43
SOBR-005651;CONJUNTO CONTROLADORA DEPOSITARIO ARM COD BARRAS OKI BB;516.54;52;12.50
SOBR-005600;CONJUNTO CONTR ANTI SKIMMING SEM CIRC BAT;349.33;28;4.89
SOBR-005349;CONJUNTO CONECTORES EXTERNOS CASSETES DIEBOLD C ENTINTAMENTO;668.96;28;82.35
SOBR-005588;CONJUNTO CMC200   CMC NMD CRIPTO E2E 001 CC;1003.53;141;3.50
SOBR-000867;CONJUNTO CASSETE REJEICAO S FECHADURA MODULO NMD R8 R9;586.26;286;6.32
SOBR-000866;CONJUNTO CASSETE ALIMENTACAO S FECHADURA MODULO NMD R8 R9;1148.62;2006;12.71
NSPP-013233;CONJUNTO CANETA OPTICA C  SUPORTE P  MOD  DEPOSITARIO DD4LC CONJ  DE SENSOR;178.63;343;8.10
SOBR-002568;CONJUNTO CAMERA USB BEYOND TS BRB C CABO E FERRAGENS;596.86;136;10.46
NSPP-012919;CONJUNTO CALHA GUIA TAMPA 01 ELO;6.74;75;56.39
SOBR-005642;CONJUNTO CABO SENSOR MINIAT NA ALEPH;10.06;22;129.41
NSPP-011434;CONJUNTO CABO PLACA EXTENSAO MULTISERIAL C  5 CONECTORES RJ45 EXTENSAO DA N;185.18;89;10.65
SOBR-001042;CONJUNTO BUNDLE OUT PUT UNIT MODULO NMD R9;351.01;203;5.51
SOBR-001052;CONJUNTO BUNDLE CARRIAGE UNIT;1306.34;821;4.21
SOBR-002456;CONJUNTO ANTI SKIMMING UTC 1033 EBRAX   KIT UC 1033 ANTI SKIM EBRAX;2048.27;109;4.10
SOBR-000868;CONJUNTO ANTI SKIMMING UTC 1033 EBRAX KIT UC 1033 ANTI SKIM EBRAX;4.21;52;5.86
SOBR-005578;CONJUNTO ALIMENTACAO BKP ENT OCP;198.61;6;7.23
NSPP-012769;CONJ  SENSOR DA PORTA DO DEPOSITARIO DD4LC  CONJUNTO SENSOR DA PORTA;43.32;103;302.94
SOBR-005320;CONJ  MOTOR DE PASSO DO ENTREGADOR;382.70;46;90.20
SOBR-001013;CONJ  MANIPULO DA PORTA DO COFRE ALAVANCA;29.63;21;13.82
SOBR-005098;CONJ  ENGRENAGEM INTERMEDIARIA DO DISPENSADOR;197.31;57;13.70
SOBR-005703;CONJ  ENGATE MOLA TRACAO MECANISMO PGDM 2016;300.00;20;19.80
SOBR-005259;CONJ  DO EIXO;91.73;52;5.47
SOBR-000889;CONJ  DESTRAVADOR CASSETES MOD  MND ATM ITC BB;230.97;164;36.44
CONJ-000058;CONJ  CPU C723 724;2867.91;36;6.82
SOBR-005122;CONJ  BOMBA VOLUMETRICA ALTERNATIVA;219.19;145;78.80
NSPP-003943;CONJ  BASE DA BALANCA MEC  C 724;331.68;7;20.59
NSPP-003857;CONJ  BASE DA BALANCA MEC  C 723 2;333.97;14;41.18
NSPP-005246;CONJ SENSOR DO DEPOSITARIO DD4LC S5   DEPOSITO;161.20;14;82.35
NSPP-003812;CONJ ROLETES CAPTADORES INFERIOR INTERNO;96.43;9;10.59
NSPP-003854;CONJ MONTADO DO SUPORTE DO EIXO DE SUCCAO;137.23;245;42.10
NSPP-004072;CONJ EIXO MOD ACIONAMENTO;52.34;20;117.65
NSPP-003813;CONJ EIXO DOS ROLETES CAPTADORES SUPERIOR EXTERNO;99.54;63;47.37
NSPP-004000;CONJ EIXO DAS CORREIAS;65.08;26;78.79
NSPP-004011;CONJ EIXO CORREIAS SUPERIOR ESTICADOR;58.94;12;35.29
NSPP-004010;CONJ EIXO CORREIAS INFERIOR;52.22;35;102.94
NSPP-124389;CONJ DO SENSOR DE PASSAGEM DE ENVELOPE DO MOD  DEPOSITARIO DD4LC S1 S2;89.35;14;14.00
SOBR-002994;CONJ BASE Z COMPLETA;446.40;63;37.28
SOBR-005270;CONJ BASE BALANCA MEC   C 723 ENTINTAMENTO;257.50;18;4.66
SOBR-007856;COJUNTO LEITORA CARTAO TAA LEVE;2849.57;11;58.82
NSPP-003858;CJ  ROLETE SENSOR DO PMT DUPLA DETECCAO;160.35;952;1133.33
NSPP-003770;CJ  ENTREGADOR PRESENTER MEC  C 723 2 C 724;78.41;43;12.29
SOBR-005688;CJ  EL PAINEL FUNCOES S  GRAVAD  GT  N1 ;3164.04;18;17.91
NSPP-003963;CJ  EIXO MEC 724 4 ESCOVAS 3 ROLETES;217.85;3;17.65
SOBR-001025;CJ SHUTTER BB ST DISPENSADOR NMD ROHS;2041.03;111;9.92
SOBR-002186;CJ SENSOR MINIATURA ALEPH CABO S N 41RUG2161039;4.04;35;23.18
SOBR-000872;CJ MONT MOD SENS RB3S MLX BB 2009 2010;688.87;443;14.93
SOBR-005351;CJ MONT MESH REPARO FND MAIOR;138.44;39;229.41
SOBR-005672;CJ MECANISMO IMP TERM FUJITSU FTP63A;1320.82;118;94.05
SOBR-006092;CJ MALHA FULL TRASEIRO DIREITA;381.92;3;17.65
SOBR-005579;CJ INTERFACE OPTOCOUPLER;52.02;12;24.00
SOBR-005565;CJ DESTRAVA K7 TX ENTINTA AT;338.15;59;17.72
SOBR-002527;CJ CONTR MOD DEP PIC BB 2011 V2;253.66;81;5.69
SOBR-004915;CJ CAM USB BEYOND;788.53;24;24.00
SOBR-005674;CHAVE MC SWITCH SENS DIN 41635 A CABO;51.91;18;52.94
SOBR-001886;CHAVE GANGORRA CONTATO MOMENTANEO;16.80;36;211.76
SOBR-004864;CHAPA PLACAS SERPE;321.36;10;52.94
SOBR-001204;CHAPA METALICA DE FIXACAO DA WEBCAM FT CAM 09;17.13;274;326.19
SOBR-006247;CHAPA MESA INOX EPP1217 BIOM NFC ATMR BB ROHS;309.71;34;100.00
SOBR-005619;CHAPA AJUSTE SHUTTER ATM NMD;7.51;46;270.59
SOBR-005313;CENTRAL DE ALARME VW16Z GPRS KIT STAR C GABINETE PLACA GPRS FONTE ANTENA   ;480.50;1017;35.07
SOBR-005314;CENTRAL DE ALARME 16 ZONAS VW16Z IP STAR VW16ZETH C MODULO TCP IP EMBUTIDO ;236.16;57;26.15
SOBR-005590;CASSETE REJEICAO NMD CFG1300 BB REV02E;1684.77;344;4.63
SOBR-004790;CASSETE PLASTICO DE NOTAS PERTO TIPO D C ENTINTAMENTO 280 50 059;6142.05;77;1.95
SOBR-004787;CASSETE PLASTICO DE NOTAS PERTO TIPO B 270 50 193;1737.00;6;0.86
SOBR-004786;CASSETE PLASTICO DE NOTAS PERTO TIPO A 270 50 192;1736.95;31;2.32
SOBR-005591;CASSETE NOTAS NMD SIMPLES AT;1785.32;855;4.54
SOBR-005592;CASSETE NOTAS NMD ENTINTAMENTO R 50 AT;6474.82;394;3.98
SOBR-005593;CASSETE NOTAS NMD ENTINTAMENTO R 100 AT;6474.82;418;5.17
PMEC-000098;CASSETE DEPOSITARIO;605.81;12;8.96
NSPP-123379;CASSETE DE REJEICAO PLASTICA PRETA   MOD  C 723 2 C 724;365.24;134;141.18
SOBR-001909;CASSETE DE REJEICAO DIEBOLD BB S DIV CHV LAC ETIQUETA R AFD;287.54;172;496.97
SOBR-004788;CASSETE DE REJEICAO DE NOTAS METALICO;898.79;21;6.78
NSPP-123380;CASSETE DE NOTAS AZUL P MODULO DE SONDA CHATA;1577.82;250;10.00
SOBR-005556;CASSETE DE CEDULAS DIEBOLD COM DISPOSITIVO DE ENTINTAMENTO DISSUASAO COM ET;3484.49;363;6.74
SOBR-004955;CARTAO ARRANCAMENTO SHUTTER MDM ROHS;175.66;13;8.61
NSPP-013809;CAPACITOR ELETROLITICO ALU 1000MF 35V RADIAL C CABO 7CM E CONECTOR MINI FIT;8.76;21;63.64
SOBR-006080;CAMERA USB BEYOND AD H134MCU ALTERNATIVA PARA TAA OKI 2009 2011;1594.94;28;8.86
NSPP-003795;CAME DO MODULO DE ACIONAMENTO;23.81;88;65.19
NSPP-013330;CALHA LAGARTA;2.78;6413;768.94
SOBR-003161;CAIXA DE PASSAGEM DE MASSAS METALICAS  CPMM ;900.00;83;27.67
SOBR-002371;CAIXA BATERIA GRANDE COM PCI 9V 6 LOCK   BATERIA TIPO C;350.94;37;31.09
SOBR-005614;CABO VIDEO VGA 15 DB15M DB15M 5M;357.41;28;164.71
SOBR-000046;CABO VGA DB15M KTM   DB15F 2 2M FINO FLEX;32.20;2;11.76
SOBR-001645;CABO USB3 MICRO   IMPRESSORA OKIDATA PERTO 2010;60.95;17;33.33
SOBR-001283;CABO USB2 1 80 METRO MICRO   TOUCH SCREEN PERTO COM 1 80 METROS 2010;10.89;25;147.06
SOBR-006125;CABO USB WEBCAM AMPL 24 28AWG A 4 BNH 5 RMA 5M;124.36;28;20.90
SOBR-001319;CABO USB CAMERA PERTO 2010;65.58;18;52.94
SOBR-002007;CABO USB 90 GRAUS 4 17M;29.70;19;57.58
SOBR-005329;CABO USB 2 0 USB A   MINI B 4 80M 28AWG 2C 24AWG 2C;59.99;32;19.05
SOBR-005615;CABO USB 2 0 A MAC MINI B 5 0M 20 26 AWG;173.87;19;111.76
SOBR-005567;CABO USB 2 0 A MAC B MAC 5 0M 20 26 AWG;163.14;31;182.35
SOBR-005566;CABO USB 2 0 A MAC B MAC 4 5M 20 26 AWG;155.63;30;176.47
SOBR-002603;CABO USB 2 0 A MAC B MAC 4 0M 28 20AWG;69.53;30;58.82
SOBR-005571;CABO USB 2 0 A MAC B 90G MAC 5 0M;167.43;25;73.53
SOBR-005514;CABO USB 2 0 A B MINI 180 28 20AWG 3 6 M ROHS;73.46;20;117.65
SOBR-005508;CABO USB 2 0 A B 180 28 26AWG 3 7M ROHS;99.33;15;29.41
SOBR-000143;CABO TECLADO DO PICKER DE 0 35M;28.52;17;100.00
SOBR-000120;CABO TECLADO DO PICKER 0 45M;28.52;10;29.41
SOBR-006267;CABO SPLIT SENSORES LADO ESM RM4H BB;155.07;33;100.00
SOBR-006266;CABO SPLIT SENSORES LADO CSE RM4H BB;163.22;33;100.00
SOBR-000928;CABO SNS SG SISMICO AL FECH BLOQ PORTA;101.37;41;241.18
SOBR-001978;CABO SERIAL MODULO PRESENCA CHEQUE RJ 2 6M;16.99;20;29.85
SOBR-005626;CABO SENSOR VIOLACAO SHUTTER 24AWG 3 7M;62.25;24;141.18
SOBR-005669;CABO SENSOR SEGREDO COFRE 2 2M TAA FULL OKI 2015;29.85;14;27.45
NSPP-122521;CABO SENSOR RETIRADA LEITORA 4 5M MLX;7.72;32;188.24
SOBR-005634;CABO SENSOR PORTA ENTINTAMENTO 22AWG;253.30;16;23.88
CABO-000207;CABO SENSOR INTERNO ALMOFADA CN SINDAL COFRE S SISM ROHS;11.22;59;173.53
SOBR-005670;CABO SENSOR FECHADURA COFRE 2 2M TAA OKI FULL 2015;29.85;18;35.29
SOBR-005494;CABO SENSOR EXT ALMOF CN 2 SINDAL CF S SISMICO ROHS;124.46;9;13.24
SOBR-005662;CABO SENSOR DE TUNEL X DEPOSITARIO;48.89;155;303.92
SOBR-005671;CABO SENSOR BLOQUEIO FECHADURA COFRE 2 3M TAA OKI FULL 2015;32.66;19;37.25
SOBR-006173;CABO SENS ARRANC DIP HST DETFONE PNL POSIC ROHS;149.73;34;200.00
SOBR-002470;CABO SATA DADOS DOM 400MM;5.64;309;461.19
SOBR-002471;CABO SATA DADOS C  TRAVA ALIM;16.26;18;105.88
SOBR-001983;CABO ROHS USB A A MACHO  FEMEA 3 0METROS;24.30;9;8.91
SOBR-002966;CABO PLACA SENSOR   PLACA IMS;28.85;543;1597.06
SOBR-001278;CABO PLACA IMS   LCM SANKYO PERTO 2010;140.85;15;88.24
SOBR-002962;CABO OP ANTISKIMMING;44.06;55;323.53
SOBR-002533;CABO MOLA SENSORES ALIMENT FECH SIS;126.65;28;7.63
SOBR-005318;CABO MOLA PORTA COFRE;174.08;65;13.43
SOBR-001647;CABO MICRO COM1   IMPRESSORA DE RECIBO;72.96;39;229.41
SOBR-005146;CABO LIGACAO DOS IR;71.81;22;129.41
SOBR-005767;CABO LIGACAO BIO FINGER;132.80;20;19.80
SOBR-002570;CABO LEITORA C FLU;133.65;113;332.35
SOBR-000895;CABO INTERLIGA SHUTTER PCI NMD100 R9   3 60M;34.01;234;116.42
SOBR-001797;CABO INTERL SHUTTER WINCOR 26AWG 3 5M;118.25;85;6.00
SOBR-002573;CABO IMPRESSORA SERIAL;75.50;9;52.94
SOBR-000910;CABO EXT USB V2 0 3M;178.27;6;12.00
CABO-000192;CABO EPP1217 TECLADO SETAS ROHS  TECLADO DIREITO 0 85 METROS   TECLADO ESQU;35.73;11;16.18
SOBR-005147;CABO ENTINTAMENTO ACELEROMETRO;129.94;44;258.82
NSPP-013832;CABO DE INTERLIGACAO SHUTTER WINCOR;84.85;21;63.64
NSPP-013830;CABO DE ALIMENTACAO MAIOR DO DISPENSADOR DE NOTAS WINCOR 18AWG 2M;12.02;45;132.35
SOBR-005641;CABO DC SINAL SISMICO MDS 24AWG 3 25M;51.52;30;176.47
SOBR-000053;CABO DC SERIAL LEITOR SANKYO 4 5M CD FRONTAL;36.07;16;94.12
SOBR-000516;CABO DA LEITORA SANKYO COM CONTROLE DE FLUXO;101.07;18;54.55
SOBR-006112;CABO COMUNICACAO TECLADO 16 TECLAS;35.73;29;170.59
CABO-000007;CABO COMUNICACAO TCL SAGEM CYCLONE 26AWG 4 5M;21.67;23;34.33
SOBR-005581;CABO COMUNICACAO DEPOSITARIO COD BAR CYCLONE 26AWG 4 5M;108.40;34;100.00
SOBR-001750;CABO COMUNICACAO ALIMENTACAO BANDEJA 2 DIN8P DIN8P CONECTOR CORD;370.82;84;7.75
SOBR-000904;CABO COM TCL SAGEM BRA1217 4211 4 5M 00;43.53;12;70.59
SOBR-005627;CABO COM SHUTTER 26AWG 3 7M;144.89;39;7.53
SOBR-001789;CABO COM SCANNER PC CYCLONE 26AWG 4M;69.75;44;64.71
SOBR-001827;CABO COM LEIT PC CYCLONE 26AWG 4 5M;37.73;19;22.62
SOBR-002501;CABO COM IMPRESSOR PC CYCLONE 26AWG 4M;40.29;46;90.20
SOBR-002532;CABO COM DS CYCLONE 26AWG 1M;6.65;48;57.83
SOBR-000929;CABO COM DISPENS NMD PC 26AWG 5M RJ45;96.60;1665;663.35
SOBR-001796;CABO COM DISP WINCOR CYCLONE 26AWG 4 5M;45.00;65;9.31
SOBR-002514;CABO COM DEP COD BARRAS CYCLONE 26AWG 4M;38.17;9;13.43
NSPP-012288;CABO COM CAN NFC CASS NMD;2.56;33;194.12
SOBR-002457;CABO COM ANTISKIM EBRAX 26AWG 2M;11.42;41;60.29
SOBR-005629;CABO CMC200 PCI JUMPER 26AWG 400MM;38.64;25;73.53
SOBR-002476;CABO CA TRIPOLAR INJETADO 0 75MM 4M IEC 320 C14 PARA IEC 320 C13 90 GRAUS E;16.34;5;29.41
SOBR-005463;CABO BATERIAS 12V 0 6M ROHS;14.20;17;100.00
SOBR-005639;CABO BATERIA RECEP 22AWG 0 4M;45.08;22;26.19
SOBR-002458;CABO BATERIA ANTISKIM EBRAX 22AWG 0 5M;5.14;61;358.82
SOBR-000898;CABO ATERRAMENTO BANDEJA PC 1 0M;6.82;57;335.29
SOBR-002963;CABO ANTI SKIMMING;71.13;20;58.82
SOBR-000138;CABO ALIMENTACAO PARA TECLADO EPP5 3 2M P  ATM FRONTAL;21.42;42;247.06
NSPP-001491;CABO ALIMENTACAO NFC   NFC  MODULO NMD;20.70;31;60.78
SOBR-005475;CABO ALIMENTACAO CC SERIAL DB9 LEITORA SANKYO 3 7M 3 6M ROHS;97.04;17;34.00
SOBR-002574;CABO ALIMENTACAO ANTISKIMMING;32.19;109;218.00
SOBR-002530;CABO ALIM MOD SENS 22AWG 0 5M;7.45;55;110.00
SOBR-001825;CABO ALIM LEITORA SCANNER 20AWG 2 5M;26.41;45;90.00
SOBR-002513;CABO ALIM DEPOSITARIO 4X20AWG 2 5M;36.30;27;32.14
SOBR-005711;CABO AF DEPOSITARIO TAA OKI 1502 MT001;35.84;9;26.47
SOBR-002507;CABO ADAPTADOR DB9M RJ45M 28AWG 0 1M;17.35;58;170.59
SOBR-004331;CABO ACO 50 LBS REVESTIDO C  NYLON PCT DE 2 METROS;1.77;2;2.99
SOBR-001793;CABO AC NBR1436 3X18AWG 1M;20.16;61;358.82
SOBR-000322;CABO AC INJETADO  TOMADA 90 UML 3V  3 5M  NORMA NBR 13249;26.31;22;129.41
SOBR-005616;CABO AC ALIMENT 3X18AWG 0 15M;15.03;25;29.76
NSPP-010716;BUCHA DE BRONZE;14.49;1510;453.45
NSPP-003859;BRACO UTILIZADO NOS CANAIS IMPARES C724 C723;9.63;411;1245.45
SOBR-002927;BRACO DO FREIO COMPLETO;377.96;106;7.83
SOBR-005104;BRACO DO DESVIADOR MODULO PERTO C 723;6.78;21;7.39
NSPP-003978;BRACO DO CONJ  ALAVANCA DA BOMBA SUCCAO MOD  C 723 2 724;11.34;284;860.61
SOBR-003150;BRACO DA MOLA DE PARADA OBRIGATORIA;141.37;70;13.16
NSPP-003925;BRACO ATUADOR DO DESV  2 MEC  C 724   BRACO;21.16;10;58.82
SOBR-006244;BOCAL TECLADO RECIC RM4H BB 2017 AZUL ROHS;73.09;33;97.06
SOBR-002931;BOBINA TRANSMISSORA;1550.42;36;52.94
SOBR-002932;BOBINA RECEPTORA;1414.17;39;229.41
SOBR-003712;BLOCO IMPRESSOR AUTOAJUSTAVEL ADT FULL;4404.41;137;5.45
SOBR-007850;BATERIA LITION 7 4V 2000MAH PARA TECLADO FECHADURA ELETRONICA;173.38;137;58.30
SOBR-005323;BATERIA LITIO 3V 550MAH CR2354 CARTELA C 5 UNIDADES;66.15;202;18.91
SOBR-005561;BATERIA CHUMBO ACIDO SELADA 6V 12AH;58.00;614;4.74
SOBR-006272;BATERIA CHUMBO ACIDO SELADA 12V 9 AH TERMINAL F1 4 75 MM;228.87;730;28.25
SOBR-004910;BATERIA CHUMBO ACIDO SELADA 12V 7AH;69.27;661;7.29
SOBR-004911;BATERIA CHUMBO ACIDO SELADA 12V 1 3AH;46.00;476;31.38
SOBR-004385;BATERIA CHUMBO ACIDO ESTACIONARIA  VRLA  12V 100AH TERMINAL M8;917.10;409;31.41
NCOB-008444;BATERIA ALCALINA 9V 500MILIAH TAMANHO 6LR61 ATENDE ANSI 1064A   IEC 6LR61;7.62;2564;14.18
SOBR-005776;BATERIA 3 6V 500MAH PARA CASSETE DE ENTINTAMENTO OKI 1502MT 2016;240.53;38;18.91
SOBR-005333;BASE K7 CASSETE ENTINTAMENTO SEM A TAMPA;1102.66;6;4.48
SOBR-002933;BASE DO TRAVAMENTO COMPLETO;1095.19;35;41.67
SOBR-000934;BARRA SINDAL 12 BORNES 250V 20A;13.32;41;120.59
SOBR-005631;BARRA FIXACAO TRILHO DISPENS NMD;11.28;23;27.38
SOBR-005585;BARRA 1TOM NBR14136 3X18AWG 1 6 0 1M;69.76;31;182.35
SOBR-001209;APOIO TRASEIRO METALICO DA WEBCAM FT CAM 09;29.57;279;1641.18
SOBR-007818;APOIO DA CORREIA DO NOTE FEEDER COM ADESIVO COLANTE;69.35;575;1127.45
SOBR-002548;ANTI SKIMMING BB;737.17;56;5.26
NSPP-012071;ANEL ELASTICO 5 0MM CUPILHA;1.83;777;1554.00
NSPP-004030;AMORTECEDOR MARGARIDA PQ   12 PONTAS   P  VENTILACAO DAS NOTAS REJEICAO EIX;20.90;123;123.00
NSPP-004031;AMORTECEDOR MARGARIDA GD   12 PONTAS   P  VENTILACAO DAS NOTAS REJEICAO EIX;17.66;611;1222.00
NSPP-003848;AMORTECEDOR MARGARIDA 6 PONTAS   P  VENTILACAO DAS NOTAS BALANCA C 723 C 72;11.66;2703;53.32
SOBR-001890;AMORTECEDOR 280N C 2PINO COFAP 16328;48.86;28;84.85
SOBR-002063;ADAPTADOR DE TOMADA PINOS REDONDOS PARA PADRAO NOVO;12.76;238;476.00
SOBR-002062;ADAPT NEMA 2P T P  NBR 14136 NORMAL;11.09;1;0.46
SOBR-004875;ACIONAMENTO C 723;6892.13;13;4.48
SOBR-005137;ACIONADOR DE PANICO REMOTO SEM FIO IBUS V2;59.91;4436;66.05
SOBR-001852;ACABAMENTO EXTERNO DA LEITORA DE CARTOES DO ATM PERTO 2008 2009 FULL;50.65;17;100.00
